<?xml version="1.0" encoding="UTF-8"?>
<project-private xmlns="http://www.netbeans.org/ns/project-private/1">
    <editor-bookmarks xmlns="http://www.netbeans.org/ns/editor-bookmarks/2" lastBookmarkId="0"/>
    <open-files xmlns="http://www.netbeans.org/ns/projectui-open-files/2">
        <group>
            <file>file:/C:/Users/chtho/Documents/NetBeansProjects/AssignmentMerged115/src/SpecialMaintenanceMgr.java</file>
            <file>file:/C:/Users/chtho/Documents/NetBeansProjects/AssignmentMerged115/src/Payment.java</file>
            <file>file:/C:/Users/chtho/Documents/NetBeansProjects/AssignmentMerged115/src/ReportManager.java</file>
            <file>file:/C:/Users/chtho/Documents/NetBeansProjects/AssignmentMerged115/src/CashPayment.java</file>
            <file>file:/C:/Users/chtho/Documents/NetBeansProjects/AssignmentMerged115/src/CardPayment.java</file>
            <file>file:/C:/Users/chtho/Documents/NetBeansProjects/AssignmentMerged115/src/HotelSystem.java</file>
            <file>file:/C:/Users/chtho/Documents/NetBeansProjects/AssignmentMerged115/src/HotelBookMgr.java</file>
            <file>file:/C:/Users/chtho/Documents/NetBeansProjects/AssignmentMerged115/src/ChequePayment.java</file>
        </group>
    </open-files>
</project-private>
